-- phpMyAdmin SQL Dump
-- version 4.8.4
-- https://www.phpmyadmin.net/
--
-- Host: 127.0.0.1
-- Generation Time: Jan 13, 2019 at 05:39 PM
-- Server version: 10.1.37-MariaDB
-- PHP Version: 7.3.0

SET SQL_MODE = "NO_AUTO_VALUE_ON_ZERO";
SET AUTOCOMMIT = 0;
START TRANSACTION;
SET time_zone = "+00:00";


/*!40101 SET @OLD_CHARACTER_SET_CLIENT=@@CHARACTER_SET_CLIENT */;
/*!40101 SET @OLD_CHARACTER_SET_RESULTS=@@CHARACTER_SET_RESULTS */;
/*!40101 SET @OLD_COLLATION_CONNECTION=@@COLLATION_CONNECTION */;
/*!40101 SET NAMES utf8mb4 */;

--
-- Database: `dbprojectn5`
--

-- --------------------------------------------------------

--
-- Table structure for table `tblbaiviet`
--

CREATE TABLE `tblbaiviet` (
  `maBaiViet` int(11) NOT NULL,
  `anh` varchar(200) DEFAULT NULL,
  `tenBaiViet` varchar(500) CHARACTER SET utf8 DEFAULT NULL,
  `moTa` text CHARACTER SET utf8,
  `noiDung` text CHARACTER SET utf8,
  `maTheLoaiCon` int(11) DEFAULT NULL,
  `maUser` int(11) DEFAULT NULL,
  `ngayDangBai` timestamp NOT NULL DEFAULT CURRENT_TIMESTAMP ON UPDATE CURRENT_TIMESTAMP,
  `tinhTrang` tinyint(4) DEFAULT '0',
  `luotXem` int(11) DEFAULT '0'
) ENGINE=InnoDB DEFAULT CHARSET=latin1;

--
-- Dumping data for table `tblbaiviet`
--

INSERT INTO `tblbaiviet` (`maBaiViet`, `anh`, `tenBaiViet`, `moTa`, `noiDung`, `maTheLoaiCon`, `maUser`, `ngayDangBai`, `tinhTrang`, `luotXem`) VALUES
(1, '../Images/bongDa.jpg', 'Bong da', 'Bong daBong daBong daBong daBong daBong daBong daBong daBong daBong daBong da', '<p>Bong daBong daBong daBong daBong daBong daBong daBong daBong daBong daBong daBong daBong daBong daBong daBong daBong daBong daBong daBong daBong daBong daBong daBong daBong daBong daBong daBong daBong daBong daBong daBong daBong daBong daBong daBong daBong daBong daBong daBong daBong daBong daBong daBong daBong</p>\r\n<p><img style=\"display: block; margin-left: auto; margin-right: auto;\" src=\"../Images/bongDa.jpg\" alt=\"\" width=\"400\" height=\"267\" /></p>\r\n<p>daBong daBong daBong daBong daBong daBong daBong daBong daBong daBong daBong daBong daBong daBong daBong daBong daBong daBong daBong daBong daBong daBong daBong daBong daBong daBong daBong daBong daBong daBong daBong daBong daBong daBong daBong daBong daBong daBong daBong daBong daBong daBong daBong daBong daBong daBong daBong daBong daBong daBong daBong daBong daBong daBong daBong daBong daBong daBong daBong daBong daBong daBong daBong daBong daBong daBong daBong daBong daBong daBong daBong daBong daBong daBong daBong daBong daBong daBong daBong daBong daBong daBong daBong daBong daBong daBong daBong daBong daBong daBong daBong daBong daBong daBong daBong daBong daBong daBong da</p>', 1, 3, '2019-01-13 11:34:58', 1, 41),
(2, '../Images/theGioi.jpg', 'The gioi', 'The gioiThe gioiThe gioiThe gioiThe gioiThe gioiThe gioiThe gioiThe gioiThe gioiThe gioi', '<p><img style=\"display: block; margin-left: auto; margin-right: auto;\" src=\"../Images/theGioi.jpg\" alt=\"\" width=\"400\" height=\"210\" /></p>', 6, 3, '2019-01-12 14:57:18', 1, 50),
(3, '../Images/taiChinh.jpg', 'Tai chinh', 'Tai chinhTai chinhTai chinhTai chinhTai chinhTai chinhTai chinhTai chinhTai chinhTai chinhTai chinhTai chinh', '<p>Tai chinhTai chinhTai chinhTai chinhTai chinhTai chinhTai chinhTai chinhTai chinhTai chinhTai chinhTai chinhTai chinhTai chinhTai chinhTai chinhTai chinhTai chinhTai chinhTai chinhTai chinhTai chinhTai chinhTai chinhTai chinhTai chinhTai chinhTai chinhTai chinhTai chinhTai chinhTai chinhTai chinhTai chinhTai chinhTai chinhTai chinhTai chinhTai chinhTai chinhTai chinhTai chinhTai chinhTai chinhTai chinhTai chinhTai chinhTai chinhTai chinhTai chinhTai chinhTai chinhTai chinhTai chinhTai chinhTai chinhTai chinh</p>', 9, 3, '2019-01-08 17:12:22', 1, 15),
(20, '../Images/tinCongNghe.jpg', 'Danh sách các thiết bị thông minh giúp cải thiện sức khỏe', 'Điện thoại và các thiết bị đeo thông minh đang ngày càng đóng vai trò quan trọng trong việc trị bệnh, cải thiện sức khỏe sau đột quỵ.', '<p style=\"font-family: Arial, Helvetica, sans-serif; font-size: 15px; line-height: 1.6;\">Wearable n&oacute;i đơn giản l&agrave; c&aacute;c thiết bị đeo th&ocirc;ng minh, đơn cử như v&ograve;ng theo d&otilde;i thể lực, Smartwatch (đồng hồ th&ocirc;ng minh), Google Glass (k&iacute;nh th&ocirc;ng minh)... C&aacute;c nghi&ecirc;n cứu gần đ&acirc;y cho thấy, Wearable đang dần thay thế c&aacute;c loại thuốc v&agrave; phương ph&aacute;p trị liệu truyền thống, v&agrave; tất nhi&ecirc;n mọi thứ sẽ c&ograve;n tiến xa hơn nữa trong tương lai.</p>\r\n<p style=\"font-family: Arial, Helvetica, sans-serif; font-size: 15px; line-height: 1.6; text-align: center;\"><img class=\"news-image initial loading\" style=\"font-size: 12px; border: 0px; max-width: 660px; width: 400px; height: 261px;\" src=\"https://cdn.24h.com.vn/upload/1-2019/images/2019-01-06/wearable_qofz-1546736749-429-width559height365.jpg\" alt=\"Danh s&aacute;ch c&aacute;c thiết bị th&ocirc;ng minh gi&uacute;p cải thiện sức khỏe - 1\" data-was-processed=\"true\" /></p>\r\n<p style=\"font-family: Arial, Helvetica, sans-serif; font-size: 15px; line-height: 1.6;\">Đa số c&aacute;c phương ph&aacute;p điều trị y tế hiện nay đều ở dạng thuốc v&agrave; trị liệu. Tuy nhi&ecirc;n, c&aacute;c nh&agrave; nghi&ecirc;n cứu đ&atilde; bắt đầu triển khai một giải ph&aacute;p mới, th&acirc;n thiện hơn, đ&oacute; l&agrave; sử dụng Wearable. Cụ thể, c&aacute;c thiết bị đeo th&ocirc;ng minh sẽ được gắn hoặc cấy gh&eacute;p tr&ecirc;n cơ thể để theo d&otilde;i t&igrave;nh trạng t&acirc;m thần v&agrave; thể chất. Liệu ph&aacute;p n&agrave;y c&oacute; những ưu điểm nổi bật như rẻ tiền, dễ d&agrave;ng c&aacute; nh&acirc;n h&oacute;a v&agrave; &iacute;t xảy ra những t&aacute;c dụng phụ mang t&iacute;nh ti&ecirc;u cực.</p>\r\n<p style=\"font-family: Arial, Helvetica, sans-serif; font-size: 15px; line-height: 1.6;\">Hiện tại, điện thoại v&agrave; c&aacute;c thiết bị đeo th&ocirc;ng minh được sử dụng kh&aacute; phổ biến để cải thiện sức khỏe. Tuy nhi&ecirc;n, mọi thứ chỉ dừng lại ở việc đưa ra lời nhắc tập thể dục, hướng dẫn thay đổi h&agrave;nh vi v&agrave; cung cấp c&aacute;c b&agrave;i tập ph&ugrave; hợp. Trong năm nay, c&ocirc;ng nghệ n&agrave;y sẽ mở rộng hơn v&agrave; can thiệp v&agrave;o việc trị liệu truyền thống.</p>\r\n<div id=\"ADS_159_15s\" class=\"txtCent\" style=\"font-family: Arial, Helvetica, sans-serif; font-size: 12px; text-align: center;\">\r\n<div class=\"banner_inread\">&nbsp;</div>\r\n</div>\r\n<p style=\"font-family: Arial, Helvetica, sans-serif; font-size: 15px; line-height: 1.6;\">C&oacute; thể thấy, việc trị liệu bằng c&aacute;c thiết bị kỹ thuật số cho đến nay hầu như chỉ giới hạn ở th&ocirc;ng tin tr&ecirc;n m&agrave;n h&igrave;nh. Tuy nhi&ecirc;n, mới đ&acirc;y c&aacute;c nh&agrave; nghi&ecirc;n cứu đ&atilde; chỉ ra một số tiềm năng của thiết bị đeo th&ocirc;ng minh, đơn cử như ch&uacute;ng c&oacute; thể k&iacute;ch th&iacute;ch c&aacute;c gi&aacute;c quan, một bộ phận của cơ thể, hệ thần kinh ngoại bi&ecirc;n nhằm cải thiện t&acirc;m tr&iacute; hoặc giải quyết c&aacute;c vấn đề cụ thể. Những thiết bị n&agrave;y c&oacute; khả năng ch&iacute;nh x&aacute;c hơn, an to&agrave;n hơn v&agrave; dễ sử dụng hơn so với k&iacute;ch th&iacute;ch n&atilde;o.</p>\r\n<p style=\"font-family: Arial, Helvetica, sans-serif; font-size: 15px; line-height: 1.6;\">Emma l&agrave; v&iacute; dụ tuyệt vời, thiết bị được ph&aacute;t triển bởi nh&agrave; nghi&ecirc;n cứu Haiyan Zhang của Microsoft. V&ograve;ng đeo tay đơn giản n&agrave;y sử dụng t&iacute;n hiệu rung ồn để k&iacute;ch th&iacute;ch b&agrave;n tay của bệnh nh&acirc;n Parkinson. Kết quả l&agrave; n&oacute; c&oacute; thể gi&uacute;p bệnh nh&acirc;n thực hiện c&aacute;c t&aacute;c vụ như vẽ, viết hoặc những thao t&aacute;c đ&ograve;i hỏi c&aacute;c chuyển động ch&iacute;nh x&aacute;c. Caitlyn Seim, một tiến sĩ tại Georgia Tech cũng đ&atilde; th&agrave;nh c&ocirc;ng trong việc cải thiện chức năng của c&aacute;nh tay sau cơn đột quỵ bằng c&aacute;ch sử dụng găng tay m&aacute;y t&iacute;nh, cung cấp c&aacute;c k&iacute;ch th&iacute;ch rung-x&uacute;c gi&aacute;c. Giải ph&aacute;p của c&ocirc; kh&ocirc;ng chỉ rẻ hơn vật l&yacute; trị liệu, m&agrave; c&ograve;n di động v&agrave; đ&ograve;i hỏi &iacute;t nỗ lực hơn.</p>\r\n<p style=\"font-family: Arial, Helvetica, sans-serif; font-size: 15px; line-height: 1.6;\">Tại MIT Media Lab, tiến sĩ Nataliya Kosmyna đ&atilde; thiết kế một thiết bị c&oacute; t&ecirc;n AttentivU, trong thời gian thực, đo lường sự ch&uacute; &yacute; của một người đối với c&aacute;c k&iacute;ch th&iacute;ch b&ecirc;n ngo&agrave;i bằng EEG v&agrave; cung cấp phản hồi x&uacute;c gi&aacute;c khi mức độ ch&uacute; &yacute; ở mức thấp. Hệ thống n&agrave;y hiện đang được t&iacute;ch hợp dưới dạng k&iacute;nh mắt đơn giản. So với c&aacute;c giải ph&aacute;p sử dụng thuốc đang được &aacute;p dụng hiện nay, h&igrave;nh thức trị liệu n&agrave;y c&oacute; &iacute;t t&aacute;c dụng phụ hơn v&agrave; c&oacute; thể được sử dụng khi cần.</p>\r\n<p style=\"font-family: Arial, Helvetica, sans-serif; font-size: 15px; line-height: 1.6; text-align: center;\"><img class=\"news-image loaded\" style=\"font-size: 12px; border: 0px; max-width: 660px; width: 400px; height: 225px;\" src=\"https://cdn.24h.com.vn/upload/1-2019/images/2019-01-06/thiet-bi-deo-thong-minh_malt-1546736761-658-width559height314.jpg\" alt=\"Danh s&aacute;ch c&aacute;c thiết bị th&ocirc;ng minh gi&uacute;p cải thiện sức khỏe - 2\" data-original=\"https://cdn.24h.com.vn/upload/1-2019/images/2019-01-06/thiet-bi-deo-thong-minh_malt-1546736761-658-width559height314.jpg\" data-was-processed=\"true\" /></p>\r\n<p style=\"font-family: Arial, Helvetica, sans-serif; font-size: 15px; line-height: 1.6;\">Một số nh&agrave; nghi&ecirc;n cứu kh&aacute;c như Jean Costa đ&atilde; chứng minh việc phản hồi sai về nhịp tim c&oacute; thể được sử dụng để điều chỉnh cảm x&uacute;c. Tương tự, phần mềm BrightBeat được ph&aacute;t triển bởi Asma Ghandeharioun c&oacute; thể l&agrave;m chậm nhịp thở bằng một điệu nhạc. Trong lĩnh vực thương mại, một sản phẩm mới c&oacute; t&ecirc;n Livia hứa hẹn sẽ l&agrave;m giảm chứng đau bụng kinh bằng một thiết bị nhỏ, đơn giản gắn v&agrave;o da bụng dưới v&agrave; cung cấp k&iacute;ch th&iacute;ch thần kinh điện để giảm đau.</p>\r\n<p style=\"font-family: Arial, Helvetica, sans-serif; font-size: 15px; line-height: 1.6;\">C&aacute;c thiết bị đeo th&ocirc;ng minh c&oacute; thể hoạt động 24/7. Ch&uacute;ng kh&ocirc;ng chỉ hiểu r&otilde; bản th&acirc;n ch&uacute;ng ta m&agrave; c&ograve;n c&oacute; thể hỗ trợ trong việc trị bệnh v&agrave; cải thiện sức khỏe. Ngo&agrave;i ra, c&aacute;c thiết bị n&agrave;y c&ograve;n c&oacute; thể c&aacute; nh&acirc;n h&oacute;a, th&iacute;ch ứng v&agrave; tối ưu cho từng người.</p>', 12, 2, '2019-01-09 16:59:47', 1, 0),
(21, '../Images/1546741717-2-don-dap-tra-khung-khiep-cua-my-neu-tq-danh-chim-tau-san-bay-cung-ngan-nguoi-tsb-1-1546739093-width660height437.jpg', 'Đòn đáp trả “khủng khiếp” của Mỹ nếu TQ đánh chìm 2 tàu sân bay chở vạn người', 'Báo Mỹ coi lời dọa đánh chìm tàu sân bay Mỹ của Đô đốc Trung Quốc là động thái leo thang nguy hiểm, cảnh báo Bắc Kinh “nên suy nghĩ kỹ”.', '<p style=\"font-family: Arial, Helvetica, sans-serif; font-size: 15px; line-height: 1.6; text-align: center;\" align=\"center\"><span style=\"font-size: 12px; color: #0000ff; font-style: italic;\"><img src=\"../Images/1546741717-2-don-dap-tra-khung-khiep-cua-my-neu-tq-danh-chim-tau-san-bay-cung-ngan-nguoi-tsb-1-1546739093-width660height437.jpg\" alt=\"\" width=\"400\" height=\"265\" /></span></p>\r\n<p style=\"font-family: Arial, Helvetica, sans-serif; font-size: 15px; line-height: 1.6; text-align: center;\" align=\"center\"><span style=\"font-size: 12px; color: #0000ff; font-style: italic;\">T&agrave;u s&acirc;n bay hạt nh&acirc;n lớp Nimitz của Mỹ.</span></p>\r\n<p style=\"font-family: Arial, Helvetica, sans-serif; font-size: 15px; line-height: 1.6;\">Theo Fox News, h&ocirc;m 20.12, ph&aacute;t biểu tại một hội nghị c&ocirc;ng nghiệp qu&acirc;n sự, Đ&ocirc; đốc&nbsp;<a class=\"TextlinkBaiviet\" style=\"text-decoration-line: none; color: #0000ff; line-height: 1.6;\" title=\"Trung Quốc\" href=\"https://www.24h.com.vn/tin-tuc-trung-quoc-c415e3782.html\">Trung Quốc</a>&nbsp;Lou Yuan cho rằng Mỹ rất sợ thương vong n&ecirc;n c&aacute;ch dễ nhất để đ&aacute;nh bại đối thủ l&agrave; đ&aacute;nh ch&igrave;m hai t&agrave;u s&acirc;n bay Mỹ, khiến hơn 10.000 thủy thủ thiệt mạng.</p>\r\n<p style=\"font-family: Arial, Helvetica, sans-serif; font-size: 15px; line-height: 1.6;\">&ldquo;Ch&uacute;ng ta sẽ thấy người Mỹ sợ h&atilde;i như thế n&agrave;o&rdquo;, Đ&ocirc; đốc Lou n&oacute;i.&nbsp;<a class=\"TextlinkBaiviet\" style=\"text-decoration-line: none; color: #0000ff; line-height: 1.6;\" title=\"B&aacute;o Mỹ\" href=\"https://www.24h.com.vn/tin-tuc-my-c415e5242.html\">B&aacute;o Mỹ</a>&nbsp;coi đ&acirc;y l&agrave; động th&aacute;i leo thang căng thẳng nguy hiểm. C&aacute;c quan chức v&agrave; cả Chủ tịch Trung Quốc Tập Cận B&igrave;nh thời gian qua đều c&oacute; tuy&ecirc;n bố cứng rắn.</p>\r\n<p style=\"font-family: Arial, Helvetica, sans-serif; font-size: 15px; line-height: 1.6;\">B&aacute;o Mỹ cho rằng &ocirc;ng Tập v&agrave; c&aacute;c quan chức dưới quyền đang bị t&aacute;c động bởi những sự kiện gần đ&acirc;y c&oacute; li&ecirc;n quan đến Trung Quốc.</p>\r\n<p style=\"font-family: Arial, Helvetica, sans-serif; font-size: 15px; line-height: 1.6;\">Tham vọng vươn tầm ảnh hưởng khắp thế giới của Trung Quốc gặp nhiều trở ngại kể từ khi Tổng thống Mỹ Donald Trump kh&ocirc;ng ngừng c&ocirc;ng k&iacute;ch nền kinh tế Trung Quốc.</p>\r\n<p style=\"font-family: Arial, Helvetica, sans-serif; font-size: 15px; line-height: 1.6;\">B&aacute;o Mỹ cho rằng, d&ugrave; thời ch&iacute;nh quyền George W. Bush hay Brack Obama c&oacute; phần &ldquo;&iacute;t quan t&acirc;m đến Trung Quốc&rdquo;, c&aacute;c kh&iacute;a cạnh mang t&iacute;nh nền tảng của nền kinh tế Mỹ vẫn rất mạnh v&agrave; tinh thần chiến đấu của nước Mỹ chưa bao giờ lụi t&agrave;n.</p>\r\n<div id=\"ADS_159_15s\" class=\"txtCent\" style=\"font-family: Arial, Helvetica, sans-serif; font-size: 12px; text-align: center;\">\r\n<div class=\"banner_inread\">&nbsp;</div>\r\n</div>\r\n<p style=\"font-family: Arial, Helvetica, sans-serif; font-size: 15px; line-height: 1.6;\">B&agrave;i học về sự kiện Tr&acirc;n Ch&acirc;u Cảng, khi&nbsp;<a class=\"TextlinkBaiviet\" style=\"text-decoration-line: none; color: #0000ff; line-height: 1.6;\" title=\"Nhật Bản\" href=\"https://www.24h.com.vn/tin-tuc-nhat-ban-c415e3809.html\">Nhật Bản</a>&nbsp;bất ngờ tấn c&ocirc;ng phủ đầu căn cứ qu&acirc;n sự Mỹ ở Hawaii vẫn c&ograve;n đ&oacute; với Trung Quốc, theo Fox News.</p>\r\n<p style=\"font-family: Arial, Helvetica, sans-serif; font-size: 15px; line-height: 1.6;\">Nếu Trung Quốc tấn c&ocirc;ng t&agrave;u s&acirc;n bay Mỹ bằng oanh tạc cơ, t&ecirc;n lửa h&agrave;nh tr&igrave;nh hay t&ecirc;n lửa đạn đạo th&igrave; Mỹ ho&agrave;n to&agrave;n đủ sức san phẳng tất cả những nơi t&ecirc;n lửa, m&aacute;y bay ấy cất c&aacute;nh. Mỹ sau đ&oacute; nhắm đến c&aacute;c đội t&agrave;u thương mại v&agrave; cả hải qu&acirc;n Trung Quốc.</p>\r\n<p style=\"font-family: Arial, Helvetica, sans-serif; font-size: 15px; line-height: 1.6;\">Chưa dừng lại ở đ&oacute;, Trung Quốc sẽ bị cắt nguồn năng lượng từ nước ngo&agrave;i trong khi hoạt động xuất khẩu bị phong tỏa. Chỉ sau v&agrave;i tuần, c&aacute;c nh&agrave; m&aacute;y Trung Quốc sẽ bị đ&oacute;ng băng v&igrave; kh&ocirc;ng c&oacute; nguy&ecirc;n liệu sản xuất.</p>\r\n<p style=\"font-family: Arial, Helvetica, sans-serif; font-size: 15px; line-height: 1.6;\">Ngược lại, Mỹ l&agrave; quốc gia c&oacute; lượng dự trữ kho&aacute;ng sản dồi d&agrave;o, sẵn s&agrave;ng đủ sức vượt qua những th&aacute;ng ng&agrave;y kh&oacute; khăn, ngay cả trong trường hợp Trung Quốc muốn leo thang căng thẳng, tấn c&ocirc;ng Bắc Mỹ.</p>\r\n<p style=\"font-family: Arial, Helvetica, sans-serif; font-size: 15px; line-height: 1.6;\">Theo b&aacute;o Mỹ, tốt nhất l&agrave; Trung Quốc v&agrave;o l&uacute;c n&agrave;y n&ecirc;n kiềm chế lời n&oacute;i, chuẩn bị sẵn s&agrave;ng để ngồi v&agrave;o b&agrave;n đ&agrave;m ph&aacute;n với Mỹ về vấn đề thương mại. Tổng thống Mỹ Donald Trump v&agrave; quyền Bộ trưởng Quốc ph&ograve;ng Patrick Shanahan gần đ&acirc;y đều nhấn mạnh rằng trong cuộc đua cạnh tranh quyền lực, Mỹ lu&ocirc;n để mắt đến Trung Quốc.</p>', 6, 2, '2019-01-10 04:38:37', 1, 3),
(22, '../Images/tennis.jpg', 'Tin thể thao HOT 30/12: Djokovic thừa nhận muốn vượt mặt Federer', '(Tin thể thao) Djokovic cho biết giờ anh đặt mục tiêu cho sự nghiệp của mình là vượt qua Roger Federer về số danh hiệu Grand Slam.', '<p style=\"font-family: Arial, Helvetica, sans-serif; font-size: 15px; line-height: 1.6;\"><strong style=\"line-height: 1.6;\">Djokovic thừa nhận muốn vượt mặt Federer</strong>. Novak Djokovic cho biết giờ anh đặt mục ti&ecirc;u cho sự nghiệp của m&igrave;nh l&agrave; vượt qua&nbsp;<a class=\"TextlinkBaiviet\" style=\"text-decoration-line: none; color: #0000ff; line-height: 1.6;\" title=\"Roger Federer\" href=\"https://www.24h.com.vn/roger-federer-tay-vot-vi-dai-c101e3113.html\">Roger Federer</a>&nbsp;về số danh hiệu Grand Slam. &ldquo;T&ocirc;i muốn đoạt c&agrave;ng nhiều Grand Slam c&agrave;ng tốt. D&ugrave; vậy thế hệ tay vợt mới sẽ kh&ocirc;ng để t&ocirc;i dễ d&agrave;ng đạt được điều đ&oacute;, chưa kể Nadal v&agrave;&nbsp;<a class=\"TextlinkBaiviet\" style=\"text-decoration-line: none; color: #0000ff; line-height: 1.6;\" title=\"Federer\" href=\"https://www.24h.com.vn/roger-federer-tay-vot-vi-dai-c101e3113.html\">Federer</a>&nbsp;vẫn đang thi đấu&rdquo;, Djokovic n&oacute;i.</p>\r\n<p style=\"font-family: Arial, Helvetica, sans-serif; font-size: 15px; line-height: 1.6;\"><img class=\"news-image initial loading\" style=\"font-size: 12px; border: 0px; max-width: 660px; width: 400px; height: 228px; display: block; margin-left: auto; margin-right: auto;\" src=\"https://cdn.24h.com.vn/upload/4-2018/images/2018-12-30/novak-djokovic-and-roger-federer-in-action-e1542437443373-752x428-660-1546166976-315-width660height376.jpg\" alt=\"Tin thể thao HOT 30/12: Djokovic thừa nhận muốn vượt mặt Federer - 1\" data-was-processed=\"true\" /></p>\r\n<p style=\"font-family: Arial, Helvetica, sans-serif; font-size: 15px; line-height: 1.6; color: #0000ff; font-style: italic; text-align: center;\">Djokovic v&agrave; Federer</p>\r\n<p style=\"font-family: Arial, Helvetica, sans-serif; font-size: 15px; line-height: 1.6;\"><strong style=\"line-height: 1.6;\">Jon Jones th&aacute;ch tranh đai của Cormier</strong>. Sau khi hạ knock-out Alexander Gustafsson tại UFC 232, Jon Jones đ&atilde; tuy&ecirc;n bố anh muốn chiếc đai v&ocirc; địch hạng nhẹ UFC của Daniel Cormier, đồng thời cho rằng Cormier kh&ocirc;ng phải nh&agrave; v&ocirc; địch đ&iacute;ch thực do chưa từng đ&aacute;nh bại Jones để gi&agrave;nh đai. &ldquo;Anh ta chưa bao giờ l&agrave; nh&agrave; v&ocirc; địch hạng nhẹ, v&igrave; anh ta chưa bao giờ đ&aacute;nh bại t&ocirc;i, t&ocirc;i vẫn l&agrave; nh&agrave; v&ocirc; địch kể từ năm 2011&rdquo;, Jones n&oacute;i.</p>\r\n<p style=\"font-family: Arial, Helvetica, sans-serif; font-size: 15px; line-height: 1.6;\"><strong style=\"line-height: 1.6;\">Đ&agrave;n anh tự tin hạ Federer, Nadal, Djokovic:</strong> Marcelo Rios - tay vợt từng giữ ng&ocirc;i số 1 thế giới v&agrave;o năm 1998 mới đ&acirc;y h&ugrave;ng hồn tuy&ecirc;n bố c&oacute; thể chen ch&acirc;n v&agrave;o cuộc đua \"tam m&atilde;\" giữa Roger Federer, Rafael Nadal, Novak Djokovic nếu thi đấu c&ugrave;ng thời:</p>\r\n<p style=\"font-family: Arial, Helvetica, sans-serif; font-size: 15px; line-height: 1.6; text-align: center;\"><img src=\"../Images/tennis1.jpg\" alt=\"\" width=\"400\" height=\"239\" /></p>\r\n<div style=\"font-family: Arial, Helvetica, sans-serif; font-size: 12px; text-align: center; width: 687px; clear: both; position: relative;\">\r\n<div style=\"position: relative; max-width: 660px; margin: 0px auto;\">\r\n<div id=\"24h-banner-in-image\" style=\"position: absolute; overflow: hidden; width: 660px; height: 90px; color: white; bottom: 0px; left: 0px;\">\r\n<div id=\"ADS_139_15s\" class=\"txtCent\">&nbsp;</div>\r\n</div>\r\n</div>\r\n</div>\r\n<p style=\"font-family: Arial, Helvetica, sans-serif; font-size: 15px; line-height: 1.6; text-align: center; color: #0000ff; font-style: italic;\" align=\"center\">Cựu số 1 thế giới&nbsp;Marcelo Rios tự tin hạ cả Federer, Nadal lẫn Djokovic&nbsp;nếu... thi đấu c&ugrave;ng thời</p>\r\n<p style=\"font-family: Arial, Helvetica, sans-serif; font-size: 15px; line-height: 1.6;\">\"Hiện tại l&agrave;ng&nbsp;<a class=\"TextlinkBaiviet\" style=\"text-decoration-line: none; color: #0000ff; line-height: 1.6;\" title=\"quần vợt\" href=\"https://www.24h.com.vn/tennis-c119.html\">quần vợt</a>&nbsp;chỉ c&oacute; 4 tay vợt mạnh, trong khi nh&acirc;n t&agrave;i thời&nbsp;t&ocirc;i đua tranh gay cấn hơn gấp bội, nh&acirc;n t&agrave;i cũng nhiều như l&aacute; m&ugrave;a thu:&nbsp;Sampras, Agassi, Muster, Ivanisevic,... T&ocirc;i tin rằng nếu thi đấu c&ugrave;ng thời, t&ocirc;i đủ sức cạnh tranh v&agrave; đ&aacute;nh bại Federer, Nadal, Djokovic!\", tr&iacute;ch lời huyền thoại 43 tuổi.</p>\r\n<p style=\"font-family: Arial, Helvetica, sans-serif; font-size: 15px; line-height: 1.6;\"><strong style=\"line-height: 1.6;\">Nadal chọn bạn th&acirc;n l&agrave;m HLV:&nbsp;</strong>Mới đ&acirc;y, Rafael Nadal tuy&ecirc;n bố sẽ bổ sung Bartolome Salva-Vidal v&agrave;o th&agrave;nh phần ban huấn luyện chuẩn bị cho m&ugrave;a giải 2019, b&ecirc;n cạnh Carlos Moya v&agrave;&nbsp;Francisco Roig. Bartolome Salva-Vidal vốn l&agrave; HLV trực thuộc Học vi&ecirc;n quần vợt do \"B&ograve; t&oacute;t\" s&aacute;ng lập v&agrave; c&oacute; mối quan hệ bạn b&egrave; th&acirc;n thiết với an|h.</p>\r\n<p style=\"font-family: Arial, Helvetica, sans-serif; font-size: 15px; line-height: 1.6;\"><strong style=\"line-height: 1.6;\">Anthony Joshua chọn 3 v&otilde; sĩ vĩ đại nhất mọi thời:&nbsp;</strong>Mới đ&acirc;y, v&otilde; sĩ đang giữ 4 đai v&ocirc; địch boxing hạng nặng của WBA,&nbsp;IBF, IBO,&nbsp;WBO đ&atilde; lựa chọn 3 huyền thoại vĩ đại nhất, theo quan điểm của m&igrave;nh. Đ&oacute; l&agrave; Jack Johnson (1878-1946) - v&otilde; sĩ Mỹ gốc Phi đầu ti&ecirc;n v&ocirc; địch hạng nặng thế giới,&nbsp;Muhammad Ali v&agrave; Mike Tyson.</p>\r\n<p style=\"font-family: Arial, Helvetica, sans-serif; font-size: 15px; line-height: 1.6;\"><strong style=\"line-height: 1.6;\">Tr&ugrave;m UFC h&eacute; lộ đối thủ&nbsp;tiếp theo của McGregor:&nbsp;</strong>Tr&ecirc;n b&aacute;o giới, Dana White - Chủ tịch UFC tiết lộ &ocirc;ng đang c&acirc;n nhắc sắp xếp cho Conor McGregor thượng đ&agrave;i với Dustin Poirier - v&otilde; sĩ xếp thứ 3 hạng nhẹ. Kể từ thất bại trong trận tranh đai v&ocirc; địch hạng nhẹ trước Khabib Nurmagomedov h&ocirc;m 6/10, v&otilde; sĩ người Ireland bị giải đấu UFC cấm tham gia mọi cuộc thi đấu đối kh&aacute;ng trong v&ograve;ng 30 ng&agrave;y v&igrave; vụ ẩu đả với &ecirc; k&iacute;p huấn luyện của \"Gấu Nga\".</p>', 1, 2, '2019-01-13 11:18:47', 1, 2),
(23, '../Images/nhatu.jpg', 'Nhà tù khét tiếng Nga giam giữ công dân Mỹ bị bắt vì cáo buộc gián điệp', '  \r\nMột công dân Mỹ bị cơ quan an ninh liên bang Nga (FSB) bắt giữ ngay dịp năm mới 2019, với những lý lịch bất thường.\r\n', '<p style=\"text-align: center;\"><img src=\"../Images/nhatu.jpg\" alt=\"\" width=\"400\" height=\"268\" /></p>\r\n<p style=\"font-family: Arial, Helvetica, sans-serif; font-size: 15px; line-height: 1.6; color: #0000ff; font-style: italic; text-align: center;\">Lefortovo l&agrave; nh&agrave; t&ugrave; kh&eacute;t tiếng chuy&ecirc;n giam giữ c&aacute;c điệp vi&ecirc;n nước ngo&agrave;i.</p>\r\n<p style=\"font-family: Arial, Helvetica, sans-serif; font-size: 15px; line-height: 1.6;\">Theo Business Insider, Paul Whelan, 48 tuổi, hiện đang bị giam giữ tại một trong những nh&agrave; t&ugrave; cổ nhất v&agrave; kh&eacute;t tiếng nhất ở Moscow.</p>\r\n<p style=\"font-family: Arial, Helvetica, sans-serif; font-size: 15px; line-height: 1.6;\">Nh&agrave; t&ugrave; được x&acirc;y dựng v&agrave;o năm 1881. Cảnh s&aacute;t ch&igrave;m thời Stalin được cho l&agrave; từng d&ugrave;ng cơ sở n&agrave;y trong cuộc Đại Thanh trừng những năm 1930.</p>\r\n<p style=\"font-family: Arial, Helvetica, sans-serif; font-size: 15px; line-height: 1.6;\"><img style=\"display: block; margin-left: auto; margin-right: auto;\" src=\"../Images/nhatu1.jpg\" alt=\"\" width=\"400\" height=\"318\" /></p>\r\n<p style=\"font-family: Arial, Helvetica, sans-serif; font-size: 15px; line-height: 1.6; color: #0000ff; font-style: italic; text-align: center;\">Khung cảnh nh&agrave; t&ugrave; năm 1995.</p>\r\n<p style=\"font-family: Arial, Helvetica, sans-serif; font-size: 15px; line-height: 1.6;\">Lefortovo sau n&agrave;y đ&oacute;ng vai tr&ograve; l&agrave; trại giam giữ của KGB, cơ quan ninh Li&ecirc;n X&ocirc; từ năm 1954-1991. C&oacute; nhiều lời đồn đ&aacute;ng sợ về nh&agrave; t&ugrave; n&agrave;y.</p>\r\n<p style=\"font-family: Arial, Helvetica, sans-serif; font-size: 15px; line-height: 1.6;\">Nh&agrave; t&ugrave; ở Moscow n&agrave;y ng&agrave;y nay thường d&ugrave;ng để giam giữ những người bất đồng ch&iacute;nh kiến v&agrave; c&aacute;c điệp vi&ecirc;n nước ngo&agrave;i.</p>\r\n<p style=\"font-family: Arial, Helvetica, sans-serif; font-size: 15px; line-height: 1.6; text-align: center;\"><img src=\"../Images/nhatu2.jpg\" alt=\"\" width=\"400\" height=\"260\" /></p>\r\n<p style=\"font-family: Arial, Helvetica, sans-serif; font-size: 15px; line-height: 1.6; color: #0000ff; font-style: italic; text-align: center;\">Nh&agrave; t&ugrave; được canh g&aacute;c cẩn mật.</p>\r\n<p style=\"font-family: Arial, Helvetica, sans-serif; font-size: 15px; line-height: 1.6;\">Người bị nghi l&agrave; điệp vi&ecirc;n thường bị giam trong một ph&ograve;ng biệt lập suốt 10 ng&agrave;y đầu ti&ecirc;n đến Lefortovo. Đ&acirc;y được coi l&agrave; qu&atilde;ng thời gian &ldquo;c&aacute;ch ly&rdquo;.</p>\r\n<p style=\"font-family: Arial, Helvetica, sans-serif; font-size: 15px; line-height: 1.6;\">T&agrave;i sản c&aacute; nh&acirc;n, quần &aacute;o của t&ugrave; nh&acirc;n đều bị thu giữ. T&ugrave; nh&acirc;n được ph&aacute;t một bộ đồ m&agrave;u xanh v&agrave; kh&ocirc;ng được ph&eacute;p li&ecirc;n lạc với người th&acirc;n. Ở Lefortovo, t&ugrave; nh&acirc;n chỉ được d&ugrave;ng nước lạnh v&agrave; cũng chỉ được tắm một lần duy nhất trong tuần.</p>\r\n<p style=\"font-family: Arial, Helvetica, sans-serif; font-size: 15px; line-height: 1.6; text-align: center;\"><img src=\"../Images/nhatu3.jpg\" alt=\"\" width=\"400\" height=\"274\" /></p>\r\n<p style=\"font-family: Arial, Helvetica, sans-serif; font-size: 15px; line-height: 1.6; color: #0000ff; font-style: italic; text-align: center;\">Lối v&agrave;o nh&agrave; t&ugrave; Lefortovo ở Moscow,&nbsp;<a class=\"TextlinkBaiviet\" style=\"text-decoration-line: none; color: #0000ff; line-height: 1.6;\" title=\"Nga\" href=\"https://www.24h.com.vn/tin-tuc-nga-c415e3808.html\">Nga</a>.</p>\r\n<p style=\"font-family: Arial, Helvetica, sans-serif; font-size: 15px; line-height: 1.6;\">B&ecirc;n trong nh&agrave; t&ugrave; &ldquo;lạnh như băng&rdquo; v&agrave; c&aacute;c t&ugrave; nh&acirc;n thường kh&ocirc;ng được cung cấp c&aacute;c đồ d&ugrave;ng cần thiết để giữ ấm.</p>\r\n<p style=\"font-family: Arial, Helvetica, sans-serif; font-size: 15px; line-height: 1.6;\">Mới đ&acirc;y nhất, Whelan, một cựu l&iacute;nh thủy đ&aacute;nh bộ Mỹ, l&agrave;m việc cho một c&ocirc;ng ty an ninh ở bang Michigan, đến Nga dịp năm mới v&agrave; bị bắt giữ.</p>\r\n<p style=\"font-family: Arial, Helvetica, sans-serif; font-size: 15px; line-height: 1.6; text-align: center;\"><img src=\"../Images/nhatu4.jpg\" alt=\"\" width=\"400\" height=\"257\" /></p>\r\n<p style=\"font-family: Arial, Helvetica, sans-serif; font-size: 15px; line-height: 1.6; color: #0000ff; font-style: italic; text-align: center;\">Lần cuối c&ugrave;ng nh&agrave; t&ugrave; Lefortovo giam giữ một c&ocirc;ng d&acirc;n Mỹ l&agrave; v&agrave;o năm 2000.</p>\r\n<p style=\"font-family: Arial, Helvetica, sans-serif; font-size: 15px; line-height: 1.6;\">Vụ việc xảy ra trong bối cảnh quan hệ Nga-Mỹ đang xuống mức thấp nhất trong lịch sử. C&aacute;c nh&agrave; ph&acirc;n t&iacute;ch cho rằng vụ bắt giữ Whelan l&agrave; c&aacute;i cớ để Nga y&ecirc;u cầu Mỹ trả tự do cho Maria Butina, c&ocirc;ng d&acirc;n Nga hiện đang bị giam tại nh&agrave; t&ugrave; ở bang Virginia, với c&aacute;o buộc gi&aacute;n điệp.</p>\r\n<p style=\"font-family: Arial, Helvetica, sans-serif; font-size: 15px; line-height: 1.6;\">Lần gần nhất Nga bắt giữ một c&ocirc;ng d&acirc;n Mỹ l&agrave; v&agrave;o năm 2013. Nh&agrave; ngoại giao Ryan Fogle bị bắt giữ, trục xuất khỏi Nga, sau khi bị ph&aacute;t hiện l&ocirc;i k&eacute;o quan chức t&igrave;nh b&aacute;o Nga hoạt động gi&aacute;n điệp cho Mỹ.</p>\r\n<p style=\"text-align: center;\"><img style=\"display: block; margin-left: auto; margin-right: auto;\" src=\"../Images/nhatu5.jpg\" alt=\"\" width=\"400\" height=\"251\" /></p>\r\n<p style=\"font-family: Arial, Helvetica, sans-serif; font-size: 15px; line-height: 1.6;\">Người Mỹ cuối c&ugrave;ng bị giam giữ ở Lefortovo l&agrave; Edmond Pope. Cựu sỹ quan t&igrave;nh b&aacute;o hải qu&acirc;n Mỹ bị kết &aacute;n 20 năm t&ugrave; giam v&igrave; cố gắng mua b&iacute; mật c&ocirc;ng nghệ Mỹ.</p>\r\n<p style=\"font-family: Arial, Helvetica, sans-serif; font-size: 15px; line-height: 1.6;\">Pope được Tổng thống Nga Vladimir Putin &acirc;n x&aacute; v&agrave;o năm 2000 với l&yacute; do sức khỏe.</p>', 6, 2, '2019-01-12 15:01:54', 1, 20),
(24, '../Images/bongRo.jpg', '\"Đè bẹp\" CLB của Thái Lan, Saigon Heat vào Top 4 ABL', '  \r\nSài Gòn Heat đang thi đấu tại giải vô địch bóng rổ Đông Nam Á (ABL) và họ vừa giành chiến thắng thuyết phục trước Mono Vampire của Thái Lan.', '<p><span style=\"font-family: Arial, Helvetica, sans-serif; font-size: 15px;\">Chiều ng&agrave;y 6/1, CLB b&oacute;ng rổ S&agrave;i G&ograve;n Heat c&oacute; cuộc tiếp đ&oacute;n Mono Vampire của Th&aacute;i Lan tr&ecirc;n s&acirc;n nh&agrave; CIS trong khu&ocirc;n khổ giải v&ocirc; địch b&oacute;ng rổ Đ&ocirc;ng Nam &Aacute; 2018/19. CLB của Việt Nam khao kh&aacute;t một chiến thắng sau khi để thua s&aacute;t n&uacute;t Westports Malaysia Dragons ở lượt đấu trước.</span></p>\r\n<p style=\"text-align: center;\"><span style=\"font-family: Arial, Helvetica, sans-serif; font-size: 15px;\"><img src=\"../Images/bongRo.jpg\" alt=\"\" width=\"400\" height=\"267\" /></span></p>\r\n<p style=\"font-family: Arial, Helvetica, sans-serif; font-size: 15px; line-height: 1.6; color: #0000ff; font-style: italic; text-align: center;\">Mono Vampire đ&atilde; gục ng&atilde; trước S&agrave;i G&ograve;n Heat</p>\r\n<p style=\"font-family: Arial, Helvetica, sans-serif; font-size: 15px; line-height: 1.6;\">S&agrave;i G&ograve;n Heat thể hiện quyết t&acirc;m ngay khi trận đấu bắt đầu nhưng đội kh&aacute;ch cũng c&oacute; những lời đ&aacute;p trả mạnh mẽ. Sau hiệp thi đấu đầu ti&ecirc;n, hai đội h&ograve;a nhau với tỉ số 23 đều. Tuy nhi&ecirc;n, đội chủ nh&agrave; tăng tốc khủng khiếp ở hai hiệp thi đấu sau đ&oacute; để vươn l&ecirc;n dẫn trước tới 23 điểm trước khi hiệp thứ 4 bắt đầu.</p>\r\n<p style=\"font-family: Arial, Helvetica, sans-serif; font-size: 15px; line-height: 1.6;\">Lợi thế của S&agrave;i G&ograve;n Heat l&agrave; qu&aacute; lớn v&agrave; Mono Vampire chỉ c&oacute; thể gỡ lại được 4 điểm trước khi hết giờ. Cầu thủ xuất sắc nhất trận đấu n&agrave;y l&agrave; Trevon Hughes của đội chủ nh&agrave; với 23 điểm, 12 lần bắt b&oacute;ng bật bảng v&agrave; 8 lần kiến tạo.</p>\r\n<p style=\"font-family: Arial, Helvetica, sans-serif; font-size: 15px; line-height: 1.6;\">Chung cuộc, S&agrave;i G&ograve;n Heat gi&agrave;nh chiến thắng &aacute;p đảo 101 - 82 trước đội kh&aacute;ch tới từ Th&aacute;i Lan qua đ&oacute; c&oacute; chiến thắng thứ 6 tại ABL 2018/19. Kết quả n&agrave;y gi&uacute;p S&agrave;i G&ograve;n Heat vươn l&ecirc;n vị tr&iacute; thứ 4 tr&ecirc;n BXH.</p>', 3, 2, '2019-01-13 11:17:36', 1, 20),
(25, '../Images/taiChinhNuocNgoai.jpg', '3 tỷ phú với mức lương thấp bất ngờ', 'Khi bạn là một “ông lớn”, những thứ như lương và thưởng sẽ không còn ý nghĩa quan trọng cho lắm. Đúng như vậy, một số tỷ phú nổi tiếng thế giới có mức lương thấp khó tin.', '<p style=\"font-family: Arial, Helvetica, sans-serif; font-size: 15px; line-height: 1.6;\">C&oacute; rất nhiều yếu tố thưởng ngo&agrave;i lương h&agrave;ng năm, chẳng hạn như ph&uacute;c lợi v&agrave; kỳ nghỉ. Một số người th&igrave; được thưởng cổ phần c&ocirc;ng ty. Một v&agrave;i CEO nổi tiếng v&agrave; th&agrave;nh c&ocirc;ng c&oacute; những thỏa thuận lợi &iacute;ch cho thấy họ ho&agrave;n to&agrave;n đầu tư v&agrave;o tương lai c&ocirc;ng ty.</p>\r\n<p style=\"font-family: Arial, Helvetica, sans-serif; font-size: 15px; line-height: 1.6;\"><strong style=\"line-height: 1.6;\">Larry Page</strong></p>\r\n<p style=\"font-family: Arial, Helvetica, sans-serif; font-size: 15px; line-height: 1.6;\">Larry Page, CEO của Tập đo&agrave;n Alphabet (c&ocirc;ng ty mẹ của Google) v&agrave; đồng s&aacute;ng lập Google, được cho l&agrave; chỉ nhận lương 1 USD/năm (~ 23.200 VND). Tr&ecirc;n thực tế, c&oacute; một v&agrave;i tỷ ph&uacute; chỉ kiếm 1 USD/năm, đ&acirc;y l&agrave; một bước đi chứng tỏ cho c&aacute;c cổ đ&ocirc;ng l&agrave; họ ho&agrave;n to&agrave;n nghi&ecirc;m t&uacute;c.</p>\r\n<p style=\"font-family: Arial, Helvetica, sans-serif; font-size: 15px; line-height: 1.6;\">Page kiếm 1 USD/năm kể từ khi Google bắt đầu cổ phần h&oacute;a, tuy nhi&ecirc;n &ocirc;ng vẫn t&iacute;ch trữ được t&agrave;i sản r&ograve;ng khoảng 44 tỷ USD năm 2017. Page cũng chiếm một cổ phần lớn trong c&ocirc;ng ty. Điều n&agrave;y cho thấy &ocirc;ng thực sự đầu tư v&agrave;o th&agrave;nh c&ocirc;ng của c&ocirc;ng ty.</p>\r\n<p style=\"text-align: center;\"><img src=\"../Images/taiChinhNuocNgoai.jpg\" alt=\"\" width=\"400\" height=\"300\" /></p>\r\n<p style=\"font-family: Arial, Helvetica, sans-serif; font-size: 15px; line-height: 1.6; color: #0000ff; font-style: italic; text-align: center;\">&nbsp;Đồng s&aacute;ng lập Google Larry Page chỉ nhận lương 1 USD/năm (~ 23.200 VND).</p>\r\n<p style=\"font-family: Arial, Helvetica, sans-serif; font-size: 15px; line-height: 1.6;\"><strong style=\"line-height: 1.6;\">Elon Musk</strong></p>\r\n<p style=\"font-family: Arial, Helvetica, sans-serif; font-size: 15px; line-height: 1.6;\">Năm vừa rồi, c&ocirc;ng ty Tesla th&ocirc;ng b&aacute;o một thỏa thuận với Elon Musk l&agrave; tiền lương của &ocirc;ng sẽ phụ thuộc v&agrave;o th&agrave;nh t&iacute;ch của c&ocirc;ng ty. Hiện tại, vốn h&oacute;a thị trường của Tesla l&agrave; 59,4 tỷ USD (~ 1.378.093 tỷ VND). C&ocirc;ng ty cũng đặt ra những mục ti&ecirc;u định gi&aacute; thị trường &ndash; cao nhất trong số đ&oacute; l&agrave; tham vọng 650 tỷ USD (~ 15.080.146 tỷ VND) định gi&aacute; thị trường. Tesla cũng đặt mục ti&ecirc;u về thu nhập v&agrave; lợi nhuận. Nếu c&ocirc;ng ty đạt đến những dấu mốc nhất định, Musk sẽ được nhận th&ecirc;m cổ phần từ c&ocirc;ng ty. &Ocirc;ng từng c&oacute; thỏa thuận tương tự với Tesla v&agrave;o năm 2012, khi tiền lương của &ocirc;ng cũng tỷ lệ thuận với gi&aacute; trị thị trường v&agrave; lợi nhuận của c&ocirc;ng ty.</p>\r\n<div id=\"ADS_159_15s\" class=\"txtCent\" style=\"font-family: Arial, Helvetica, sans-serif; font-size: 12px; text-align: center;\">\r\n<div class=\"banner_inread\">&nbsp;</div>\r\n</div>\r\n<p style=\"font-family: Arial, Helvetica, sans-serif; font-size: 15px; line-height: 1.6;\">Tesla trả cho Musk khoảng 37.000 USD/năm (~ 858 triệu VND) &ndash; mức lương tối thiểu trung b&igrave;nh ở California. T&agrave;i sản của Musk đến từ cổ phần c&ocirc;ng ty, v&agrave; t&agrave;i sản r&ograve;ng hiện tại của &ocirc;ng được ước t&iacute;nh v&agrave;o khoảng 20,1 tỷ USD (~ 466.324 tỷ VND).</p>\r\n<p style=\"font-family: Arial, Helvetica, sans-serif; font-size: 15px; line-height: 1.6;\"><strong style=\"line-height: 1.6;\">Warren Buffett</strong></p>\r\n<p style=\"font-family: Arial, Helvetica, sans-serif; font-size: 15px; line-height: 1.6;\">Warren Buffett, Chủ tịch v&agrave; CEO của Tập đo&agrave;n Berkshire Hathaway chỉ kiếm 100.000 USD/năm (~ 2,32 tỷ VND). Con số n&agrave;y c&ograve;n chưa được gấp đ&ocirc;i mức lương b&igrave;nh qu&acirc;n của nh&acirc;n vi&ecirc;n c&ocirc;ng ty &ndash; 53.510 USD/năm (~ 1,24 tỷ VND) trong năm 2017. Buffett kh&ocirc;ng nhận bất kỳ lợi &iacute;ch n&agrave;o ngo&agrave;i ra.</p>\r\n<p style=\"font-family: Arial, Helvetica, sans-serif; font-size: 15px; line-height: 1.6;\">Điều n&agrave;y cũng ho&agrave;n to&agrave;n ph&ugrave; hợp với quan điểm của &ocirc;ng về sự gi&agrave;u c&oacute;. &Ocirc;ng đ&atilde; từng thể hiện mạnh mẽ quan điểm về sự bất b&igrave;nh đẳng tại Mỹ, &ocirc;ng cũng cam kết cho đi 99% của cải của m&igrave;nh cho tổ chức từ thiện phi ch&iacute;nh phủ The Giving Pledge cả khi &ocirc;ng c&ograve;n sống v&agrave; sau n&agrave;y khi qua đời. L&agrave; một trong những người gi&agrave;u nhất nước Mỹ, t&agrave;i khoản r&ograve;ng của Warren Buffett l&agrave; 80,6 tỷ USD, &ocirc;ng cũng sở hữu 283.000 cổ phiếu hạng A của Tập đo&agrave;n Berkshire Hathaway.</p>\r\n<p style=\"font-family: Arial, Helvetica, sans-serif; font-size: 15px; line-height: 1.6;\">Buffett viết trong bản cam kết của m&igrave;nh: &ldquo;Gia đ&igrave;nh t&ocirc;i v&agrave; t&ocirc;i thấy biết ơn v&igrave; số t&agrave;i sản n&agrave;y. Nếu ch&uacute;ng t&ocirc;i d&ugrave;ng nhiều hơn 1% số tiền đ&oacute; v&agrave;o ch&iacute;nh m&igrave;nh, ch&uacute;ng t&ocirc;i cũng kh&ocirc;ng thấy vui vẻ hay mạnh khỏe hơn. Mặt kh&aacute;c, 99% số tiền c&ograve;n lại c&oacute; thể c&oacute; &iacute;ch lớn với sức khỏe v&agrave; hạnh ph&uacute;c của những người kh&aacute;c. V&igrave; thế, gia đ&igrave;nh t&ocirc;i sẽ chỉ giữ lại những g&igrave; cần thiết v&agrave; ph&acirc;n ph&aacute;t số c&ograve;n lại cho x&atilde; hội&rdquo;.</p>\r\n<p style=\"font-family: Arial, Helvetica, sans-serif; font-size: 15px; line-height: 1.6;\">Đ&oacute;ng g&oacute;p&nbsp;<a class=\"TextlinkBaiviet\" style=\"text-decoration-line: none; color: #0000ff; line-height: 1.6;\" title=\"t&agrave;i ch&iacute;nh\" href=\"https://www.24h.com.vn/tai-chinh-bat-dong-san-c161.html\">t&agrave;i ch&iacute;nh</a>&nbsp;của Warren Buffett to lớn đến nỗi n&oacute; ho&agrave;n to&agrave;n c&oacute; thể thay đổi thế giới. Hi vọng rằng, quan điểm về gi&agrave;u c&oacute; v&agrave; thiện nguyện của &ocirc;ng cũng t&aacute;c động đến quan điểm tiền bạc của những tỷ ph&uacute; kh&aacute;c.</p>', 9, 2, '2019-01-11 01:38:25', 1, 2),
(26, '../Images/bongda2.jpg', 'Dự đoán tỷ số vòng 19 La Liga: Kẻ gây sốc Barca đón đường Real', 'Sau khi thắng sốc Barcelona tại Nou Camp, Real Betis đang chờ biến Real Madrid thành nạn nhân mới.', '<p style=\"font-family: Arial, Helvetica, sans-serif; font-size: 15px; line-height: 1.6; text-align: left;\"><strong style=\"line-height: 1.6;\">Kẻ g&acirc;y sốc&nbsp;<a class=\"TextlinkBaiviet\" style=\"text-decoration-line: none; color: #0000ff; line-height: 1.6;\" title=\"Barca\" href=\"https://www.24h.com.vn/barcelona-c48e1507.html\">Barca</a>&nbsp;đ&oacute;n chờ Real</strong></p>\r\n<p style=\"font-family: Arial, Helvetica, sans-serif; font-size: 15px; line-height: 1.6; text-align: left;\">Real Madrid đang ở trong giai đoạn phong độ kh&oacute; lường khi họ đ&atilde; gi&agrave;nh được chỉ 1 điểm trong 6 trận gần nhất ở La Liga, mới đ&acirc;y để thua trước Real Sociedad tr&ecirc;n s&acirc;n nh&agrave;. Giờ đối thủ m&agrave; họ sắp gặp l&agrave; một trong những đội đ&atilde; g&acirc;y sốc trước&nbsp;<a class=\"TextlinkBaiviet\" style=\"text-decoration-line: none; color: #0000ff; line-height: 1.6;\" title=\"Barcelona\" href=\"https://www.24h.com.vn/barcelona-c48e1507.html\">Barcelona</a>&nbsp;m&ugrave;a giải n&agrave;y.</p>\r\n<p style=\"text-align: center;\"><img src=\"../Images/bongda2.jpg\" alt=\"\" width=\"400\" height=\"267\" /></p>\r\n<p style=\"font-family: Arial, Helvetica, sans-serif; font-size: 15px; line-height: 1.6; color: #0000ff; font-style: italic; text-align: center;\">Real Betis đ&atilde; thắng sốc tr&ecirc;n s&acirc;n của Barca m&ugrave;a n&agrave;y v&agrave;&nbsp;<a class=\"TextlinkBaiviet\" style=\"text-decoration-line: none; color: #0000ff; line-height: 1.6;\" title=\"Real Madrid\" href=\"https://www.24h.com.vn/real-madrid-c48e1522.html\">Real Madrid</a>&nbsp;m&ugrave;a trước</p>\r\n<p style=\"font-family: Arial, Helvetica, sans-serif; font-size: 15px; line-height: 1.6;\">Mặc d&ugrave; phong độ đầu m&ugrave;a c&oacute; phần phập ph&ugrave;, nhưng Real Betis vẫn hạ được Barcelona 4-3 ngay tại Nou Camp v&agrave; hiện họ đang ngoi trở lại nh&oacute;m dự c&uacute;p ch&acirc;u &Acirc;u, k&eacute;m Alaves ở vị tr&iacute; thứ tư 5 điểm v&agrave; k&eacute;m đội xếp tr&ecirc;n m&igrave;nh l&agrave; ch&iacute;nh Real Madrid 4 điểm.</p>\r\n<p style=\"font-family: Arial, Helvetica, sans-serif; font-size: 15px; line-height: 1.6;\">Betis đ&atilde; bất ngờ sụp đổ trước đội cuối bảng Huesca ở v&ograve;ng đấu trước, nhưng trở lại s&acirc;n nh&agrave; Benito Villamarin họ đ&atilde; bất bại 7 trận đ&atilde; qua, mạch trận k&eacute;o d&agrave;i từ v&ograve;ng 9 khi họ thua 0-1 trước Real Valladolid. Betis đang chứng kiến phong độ ghi b&agrave;n tốt từ Antonio Sanabria, người đ&atilde; ghi 2 b&agrave;n trong 3 trận gần nhất, v&agrave; họ c&oacute; kết quả kh&ocirc;ng tồi khi HLV Quique Setien quyết định chơi với số lượng tiền vệ đ&ocirc;ng đảo.</p>\r\n<div id=\"ADS_159_15s\" class=\"txtCent\" style=\"font-family: Arial, Helvetica, sans-serif; font-size: 12px; text-align: center;\">\r\n<div class=\"banner_inread\">&nbsp;</div>\r\n</div>\r\n<p style=\"font-family: Arial, Helvetica, sans-serif; font-size: 15px; line-height: 1.6;\">Real Madrid đang trải qua một giai đoạn bị chấn thương l&agrave;m hao tổn lực lượng khi Thibaut Courtois, Gareth Bale, Toni Kroos v&agrave; Marcos Llorente đều sẽ vắng mặt, chưa r&otilde; t&igrave;nh h&igrave;nh sức khỏe của Mariano Diaz v&agrave; Marco Asensio, c&ograve;n Lucas Vasquez tuần n&agrave;y bị treo gi&ograve;. Một trận h&ograve;a c&oacute; b&agrave;n thắng sẽ l&agrave; một kết quả dễ xảy ra cuối tuần n&agrave;y.</p>\r\n<p style=\"font-family: Arial, Helvetica, sans-serif; font-size: 15px; line-height: 1.6;\"><strong style=\"line-height: 1.6;\">Barca đăng quang lượt đi</strong></p>\r\n<p style=\"font-family: Arial, Helvetica, sans-serif; font-size: 15px; line-height: 1.6;\">Barcelona đ&atilde; chắc chắn v&ocirc; địch lượt đi khi hơn Atletico Madrid 5 điểm sau v&ograve;ng 18, v&agrave; đối thủ của họ ở v&ograve;ng n&agrave;y chỉ l&agrave; một Eibar đang ở nửa dưới bảng xếp hạng. Phong độ của hai b&ecirc;n l&agrave; kh&aacute;c xa nhau khi Barca đ&atilde; bất bại 9 trận li&ecirc;n tiếp (thắng 7) v&agrave; khi được đ&aacute; ở s&acirc;n nh&agrave; m&ugrave;a n&agrave;y họ mới chỉ thua mỗi Betis, trong khi Eibar đ&atilde; h&ograve;a liền 5 v&ograve;ng đấu (4 trận tr&ecirc;n s&acirc;n nh&agrave;).</p>\r\n<p style=\"font-family: Arial, Helvetica, sans-serif; font-size: 15px; line-height: 1.6; text-align: center;\"><img src=\"../Images/bongda2.1.jpg\" alt=\"\" width=\"400\" height=\"225\" /></p>\r\n<p style=\"font-family: Arial, Helvetica, sans-serif; font-size: 15px; line-height: 1.6; color: #0000ff; font-style: italic; text-align: center;\">Bộ đ&ocirc;i n&agrave;y trở lại sẽ khiến Barca tiếp tục bất bại?</p>\r\n<p style=\"font-family: Arial, Helvetica, sans-serif; font-size: 15px; line-height: 1.6;\">Mặc d&ugrave; thua sốc trước Levante ở lượt đi v&ograve;ng 1/8 C&uacute;p nh&agrave; Vua nhưng đ&oacute; l&agrave; trận thua trong bối cảnh HLV Ernesto Valverde kh&ocirc;ng tung ra đội h&igrave;nh Barcelona mạnh nhất, với sự vắng mặt của Lionel Messi v&agrave; Luis Suarez. Trong khi đ&oacute; Eibar sẽ vắng mặt 2 cầu thủ quan trọng l&agrave; Pedro Leon v&agrave; Charles, do vậy cơ hội c&oacute; điểm của Eibar l&agrave; rất thấp.</p>\r\n<p style=\"font-family: Arial, Helvetica, sans-serif; font-size: 15px; line-height: 1.6;\">Đội vừa g&acirc;y sốc trước Barca l&agrave; Levante sẽ h&agrave;nh qu&acirc;n tới Madrid để thăm Atletico, đội đang bất bại 15 trận gần nhất ở mọi đấu trường. HLV Diego Simeone v&agrave; c&aacute;c học tr&ograve; vẫn chưa thua trận n&agrave;o tr&ecirc;n s&acirc;n nh&agrave; m&ugrave;a n&agrave;y trong khi Levante đ&atilde; kh&ocirc;ng thắng nổi 4 v&ograve;ng đấu gần nhất, mặc d&ugrave; trận thắng gần nhất của họ tr&ecirc;n s&acirc;n kh&aacute;ch l&agrave; trước ch&iacute;nh Real Madrid.</p>\r\n<p style=\"font-family: Arial, Helvetica, sans-serif; font-size: 15px; line-height: 1.6;\">Atletico sẽ kh&ocirc;ng c&oacute; sự hiện diện của Diego Costa v&agrave; Filipe Luis ở trận n&agrave;y do chấn thương, trong khi Saul Niguez đang bị treo gi&ograve;. Levante l&agrave; một trong những đội ghi b&agrave;n kh&aacute; tốt ở La Liga m&ugrave;a n&agrave;y, nhưng số b&agrave;n thua của họ chỉ &iacute;t hơn đội cuối bảng Huesca, do vậy Atletico gi&agrave;nh 3 điểm để tiếp tục b&aacute;m đu&ocirc;i Barca sẽ kh&ocirc;ng phải một kết quả bất ngờ.</p>', 1, 1, '2019-01-13 14:53:30', 1, 126);
INSERT INTO `tblbaiviet` (`maBaiViet`, `anh`, `tenBaiViet`, `moTa`, `noiDung`, `maTheLoaiCon`, `maUser`, `ngayDangBai`, `tinhTrang`, `luotXem`) VALUES
(27, '../Images/tau-ngam.jpg', 'Thứ có thể \"đánh chìm\" tàu ngầm hạt nhân mang sức mạnh hủy diệt của Nga', 'Các tàu ngầm hạt nhân lớp Borei thế hệ 4 được coi là bước nhảy vọt trong công nghệ tàu ngầm của Nga với sức mạnh hủy diệt vượt trội, nhưng dự án này đang gặp vấn đề hóc búa khó vượt qua.', '<p style=\"text-align: center;\"><img src=\"../Images/tau-ngam.jpg\" alt=\"\" width=\"400\" height=\"250\" /></p>\r\n<p style=\"font-family: Arial, Helvetica, sans-serif; font-size: 15px; line-height: 1.6; color: #0000ff; font-style: italic; text-align: center;\">T&agrave;u ngầm hạt nh&acirc;n chiến lược lớp Borei của&nbsp;<a class=\"TextlinkBaiviet\" style=\"text-decoration-line: none; color: #0000ff; line-height: 1.6;\" title=\"Nga\" href=\"https://www.24h.com.vn/tin-tuc-nga-c415e3808.html\">Nga</a>.</p>\r\n<p style=\"font-family: Arial, Helvetica, sans-serif; font-size: 15px; line-height: 1.6;\">Theo National Interest, trong nỗ lực hiện đại h&oacute;a vũ kh&iacute; qu&acirc;n sự, c&aacute;c t&agrave;u ngầm lớp Borei hoặc Đề &aacute;n 955 được coi l&agrave; một bước tiến lớn trong c&ocirc;ng nghệ t&agrave;u ngầm Nga.</p>\r\n<p style=\"font-family: Arial, Helvetica, sans-serif; font-size: 15px; line-height: 1.6;\">T&agrave;u ngầm hạt nh&acirc;n chiến lược lớp Borei được đ&aacute;nh gi&aacute; c&oacute; khả năng hủy diệt lớn hơn t&agrave;u ngầm huyền thoại lớp Typhoon, với k&iacute;ch thước nhỏ v&agrave; nhẹ hơn đ&aacute;ng kể.</p>\r\n<p style=\"font-family: Arial, Helvetica, sans-serif; font-size: 15px; line-height: 1.6;\">T&agrave;u ngầm Borei c&oacute; lượng gi&atilde;n nước 24.000 tấn, bằng một nửa so với t&agrave;u ngầm lớp Typhoon thời Li&ecirc;n X&ocirc;.</p>\r\n<p style=\"font-family: Arial, Helvetica, sans-serif; font-size: 15px; line-height: 1.6;\">T&agrave;u kh&ocirc;ng chỉ c&oacute; khả năng vận h&agrave;nh vượt trội hơn, đạt tốc độ cao hơn m&agrave; vũ kh&iacute; cũng thuộc h&agrave;ng &ldquo;khủng&rdquo;. T&agrave;u ngầm lớp Borei của Nga c&oacute; sức mạnh đ&aacute;ng nể nhờ được trang bị 16-30 quả t&ecirc;n lửa đạn đạo xuy&ecirc;n lục địa mang đầu đạn hạt nh&acirc;n Bulava.</p>\r\n<p style=\"font-family: Arial, Helvetica, sans-serif; font-size: 15px; line-height: 1.6;\">Mỗi t&ecirc;n lửa mang theo đầu đạn hạt nh&acirc;n 550 kT, sức c&ocirc;ng ph&aacute; gấp 5 lần t&ecirc;n lửa đạn đạo trang bị cho t&agrave;u ngầm Typhoon. Với số t&ecirc;n lửa n&agrave;y, c&aacute;c chuy&ecirc;n gia đ&aacute;nh gi&aacute; uy lực của một t&agrave;u ngầm lớp Borei c&oacute; thể vượt trội cả một đội qu&acirc;n lớn.</p>\r\n<div id=\"ADS_159_15s\" class=\"txtCent\" style=\"font-family: Arial, Helvetica, sans-serif; font-size: 12px; text-align: center;\">\r\n<div class=\"banner_inread\">&nbsp;</div>\r\n</div>\r\n<p style=\"font-family: Arial, Helvetica, sans-serif; font-size: 15px; line-height: 1.6;\">Nga hiện ho&agrave;n tất việc đ&oacute;ng 4 t&agrave;u ngầm chiến lược lớp Borei. T&agrave;u ngầm thứ 4 mang t&ecirc;n Ho&agrave;ng tử Vladimir được hạ thủy năm 2017 v&agrave; sẽ được b&agrave;n giao cho hải qu&acirc;n Nga trong năm 2019.</p>\r\n<p style=\"font-family: Arial, Helvetica, sans-serif; font-size: 15px; line-height: 1.6; text-align: center;\"><img src=\"../Images/tenLua.jpg\" alt=\"\" width=\"400\" height=\"225\" /></p>\r\n<p style=\"font-family: Arial, Helvetica, sans-serif; font-size: 15px; line-height: 1.6; color: #0000ff; font-style: italic; text-align: center;\">T&agrave;u ngầm hạt nh&acirc;n Borei ph&oacute;ng t&ecirc;n lửa đạn đạo Bulava.</p>\r\n<p style=\"font-family: Arial, Helvetica, sans-serif; font-size: 15px; line-height: 1.6;\">Về l&yacute; thuyết, c&aacute;c t&agrave;u ngầm Borei ho&agrave;n to&agrave;n đ&aacute;p ứng năng lực răn đe hạt nh&acirc;n m&agrave; Nga cần trong h&agrave;ng thập kỷ tới. Nhưng c&oacute; một vấn đề th&aacute;ch thức đến sự tồn tại của dự &aacute;n, đ&oacute; l&agrave; chi ph&iacute; nghi&ecirc;n cứu, chế tạo t&agrave;u ngầm.</p>\r\n<p style=\"font-family: Arial, Helvetica, sans-serif; font-size: 15px; line-height: 1.6;\">Ước t&iacute;nh mỗi t&agrave;u ngầm hạt nh&acirc;n lớp Borei c&oacute; gi&aacute; th&agrave;nh l&ecirc;n tới 890 triệu USD. Con số n&agrave;y vẫn &iacute;t hơn t&agrave;u ngầm lớp Ohio của Mỹ (2 tỉ USD). Nhưng ng&acirc;n s&aacute;ch quốc ph&ograve;ng của Nga &iacute;t hơn Mỹ nhiều lần v&agrave; con số 890 triệu USD cho một chiếc t&agrave;u ngầm được đ&aacute;nh gi&aacute; l&agrave; kh&aacute; lớn.</p>\r\n<p style=\"font-family: Arial, Helvetica, sans-serif; font-size: 15px; line-height: 1.6;\">C&aacute;c nguồn tin qu&acirc;n sự Nga n&oacute;i tr&ecirc;n truyền th&ocirc;ng rằng thế hệ t&agrave;u ngầm Borei-B thuộc Đề &aacute;n 955B đ&atilde; bị hủy bỏ v&igrave; &ldquo;chi ph&iacute; đắt đỏ kh&ocirc;ng tương xứng với hiệu quả&rdquo;.</p>\r\n<p style=\"font-family: Arial, Helvetica, sans-serif; font-size: 15px; line-height: 1.6;\">Điều n&agrave;y c&oacute; nghĩa l&agrave; 4 t&agrave;u ngầm hạt nh&acirc;n lớp Borei-B c&oacute; thể kh&ocirc;ng kịp xuất hiện v&agrave;o năm 2028. Nga sau đ&oacute; đ&atilde; khẳng định rằng họ sẽ chỉ đ&oacute;ng th&ecirc;m 2 t&agrave;u ngầm lớp Borei.</p>\r\n<p style=\"font-family: Arial, Helvetica, sans-serif; font-size: 15px; line-height: 1.6;\">Theo giới quan s&aacute;t, Nga muốn d&agrave;nh ng&acirc;n s&aacute;ch quốc ph&ograve;ng đầu tư cho c&aacute;c dự &aacute;n t&agrave;u ngầm kh&aacute;c như t&agrave;u ngầm lớp Yasen. Mẫu t&agrave;u ngầm lớp Yasen đầu ti&ecirc;n, Severodvinsk đ&atilde; ti&ecirc;u tốn tới 1,5 tỷ USD. Chiếc thứ hai hiện đang trải qua qu&aacute; tr&igrave;nh thử nghiệm c&ograve;n tốn gấp đ&ocirc;i.</p>\r\n<p style=\"font-family: Arial, Helvetica, sans-serif; font-size: 15px; line-height: 1.6;\">C&oacute; thể n&oacute;i, t&agrave;u ngầm hạt nh&acirc;n chiến lược lớp Borei đ&oacute;ng vai tr&ograve; quan trọng trong việc duy tr&igrave; năng lực răn đe hạt nh&acirc;n của Nga trong thời đại mới. Nhưng dự &aacute;n c&oacute; thể sớm \"chết ch&igrave;m\", v&agrave; chỉ c&oacute; số &iacute;t t&agrave;u ngầm lớp Borei hoạt động, v&igrave; chi ph&iacute; sản xuất qu&aacute; đắt đỏ.</p>', 6, 1, '2019-01-11 15:03:33', 1, 1),
(28, '../Images/the-tin-dung.jpg', 'Khách hàng hưởng lợi từ thẻ tín dụng hoàn tiền mùa Tết', 'Hoàn tiền triệu, tăng ưu đãi, miễn phí thường niên... là những lợi ích dành cho khách hàng khi mua sắm bằng thẻ tín dụng trong mùa cận Tết.', '<p style=\"font-family: Arial, Helvetica, sans-serif; font-size: 15px; line-height: 1.6;\">Dịp Tết từ th&aacute;ng 12 đến th&aacute;ng 2 lu&ocirc;n được xem l&agrave; m&ugrave;a mua sắm cao điểm trong năm khi h&agrave;ng loạt doanh nghiệp tăng cường đẩy h&agrave;ng, triển khai ưu đ&atilde;i, tranh thủ nhu cầu cao của người ti&ecirc;u d&ugrave;ng cả nước. Nhiều lĩnh vực ưu ti&ecirc;n triển khai khuyến m&atilde;i dịp n&agrave;y gồm thời trang, l&agrave;m đẹp, điện m&aacute;y, c&ocirc;ng nghệ, ẩm thực, giải tr&iacute;... với mức giảm gi&aacute; sản phẩm dịch vụ 10-55%, thậm ch&iacute; kịch trần trong năm.</p>\r\n<p style=\"font-family: Arial, Helvetica, sans-serif; font-size: 15px; line-height: 1.6;\"><strong style=\"line-height: 1.6;\">K&ecirc;nh tận dụng ưu đ&atilde;i hiệu quả</strong></p>\r\n<p style=\"font-family: Arial, Helvetica, sans-serif; font-size: 15px; line-height: 1.6;\">Chị Kim Ngọc (quận 5, TP HCM) sở hữu hai thẻ t&iacute;n dụng của một ng&acirc;n h&agrave;ng trong nước v&agrave; một ng&acirc;n h&agrave;ng ngoại. Chị cho biết sở dĩ d&ugrave;ng hai thẻ c&ugrave;ng l&uacute;c nhằm tận dụng những ưu đ&atilde;i v&agrave; t&iacute;nh năng ri&ecirc;ng của từng thẻ.</p>\r\n<p style=\"font-family: Arial, Helvetica, sans-serif; font-size: 15px; line-height: 1.6;\">Th&aacute;ng 12 vừa qua, chị d&ugrave;ng thẻ VIB Cash Back thanh to&aacute;n dịch vụ l&agrave;m răng sứ tại một trung t&acirc;m nha khoa thuộc đối t&aacute;c của Ng&acirc;n h&agrave;ng Quốc tế. Với dịch vụ gi&aacute; 60 triệu đồng, chị được ưu đ&atilde;i giảm 45% chỉ c&ograve;n gần 30 triệu, ho&agrave;n tiền l&ecirc;n đến 1 triệu đồng.&nbsp;</p>\r\n<p style=\"font-family: Arial, Helvetica, sans-serif; font-size: 15px; line-height: 1.6; text-align: center;\"><img src=\"../Images/the-tin-dung.jpg\" alt=\"\" width=\"400\" height=\"240\" /></p>\r\n<p style=\"font-family: Arial, Helvetica, sans-serif; font-size: 15px; line-height: 1.6;\"><em style=\"line-height: 1.6;\">\"T&ocirc;i c&ugrave;ng gia định dự định sắm Tết ở những cửa h&agrave;ng b&aacute;n lẻ l&agrave; đối t&aacute;c của ng&acirc;n h&agrave;ng ph&aacute;t h&agrave;nh thẻ để tận dụng ưu đ&atilde;i. Đằng n&agrave;o cũng phải sắm sửa, chỉnh trang cho nh&agrave; cửa v&agrave; bản th&acirc;n, nếu t&ocirc;i thanh to&aacute;n qua thẻ th&igrave; sẽ được giảm gi&aacute;, ho&agrave;n tiền, lợi đơn lợi k&eacute;p\",</em>&nbsp;chị Ngọc chia sẻ.</p>\r\n<p style=\"font-family: Arial, Helvetica, sans-serif; font-size: 15px; line-height: 1.6;\">Vị kh&aacute;ch h&agrave;ng tr&ecirc;n chỉ l&agrave; một trong h&agrave;ng triệu kh&aacute;ch h&agrave;ng đang sử dụng dịch vụ thẻ t&iacute;n dụng c&oacute; t&iacute;ch hợp t&iacute;nh năng ho&agrave;n tiền hoặc t&iacute;ch lũy điểm thưởng, quy đổi th&agrave;nh qu&agrave; tặng do c&aacute;c ng&acirc;n h&agrave;ng trong nước v&agrave; quốc tế triển khai tại Việt Nam. Đ&acirc;y l&agrave;&nbsp;một trong những ưu đ&atilde;i phổ biến hiện nay khi chủ thẻ sử dụng thẻ t&iacute;n dụng để thanh to&aacute;n sản phẩm, dịch vụ... để nhận lại một số tiền tương ứng với % gi&aacute; trị sản phẩm, dịch vụ đ&atilde; thanh to&aacute;n.</p>\r\n<p style=\"font-family: Arial, Helvetica, sans-serif; font-size: 15px; line-height: 1.6;\">Số tiền n&agrave;y c&oacute; thể sử dụng cho lần mua sắm tiếp theo hoặc r&uacute;t tiền mặt th&ocirc;ng qua t&agrave;i khoản ng&acirc;n h&agrave;ng. Hiện h&igrave;nh thức ưu đ&atilde;i n&agrave;y được &aacute;p dụng phổ biến cho thanh to&aacute;n trực tuyến.</p>\r\n<p style=\"font-family: Arial, Helvetica, sans-serif; font-size: 15px; line-height: 1.6;\"><strong style=\"line-height: 1.6;\">V&ugrave;ng đất tiềm năng của c&aacute;c ng&acirc;n h&agrave;ng</strong></p>\r\n<p style=\"font-family: Arial, Helvetica, sans-serif; font-size: 15px; line-height: 1.6;\">Hiện tại Việt Nam nhiều ng&acirc;n h&agrave;ng đ&atilde; triển khai d&ograve;ng thẻ t&iacute;n dụng t&iacute;ch hợp ưu đ&atilde;i lớn như ho&agrave;n tiền, thưởng điểm... với mức ưu đ&atilde;i kh&aacute;c nhau. Đơn cử thẻ CitiBank ho&agrave;n tiền l&ecirc;n đến 5%. Standard Chartered ho&agrave;n tiền 1% với c&aacute;c giao dịch thanh to&aacute;n bằng ngoại tệ v&agrave; 0,5% với c&aacute;c giao dịch thanh to&aacute;n bằng tiền đồng. Nhiều ng&acirc;n h&agrave;ng tặng tiền mặt 1,5-3 triệu đồng cho kh&aacute;ch mở mới thẻ trong dịp n&agrave;y.</p>\r\n<p style=\"font-family: Arial, Helvetica, sans-serif; font-size: 15px; line-height: 1.6; text-align: center;\"><img src=\"../Images/nhanvien.jpg\" alt=\"\" width=\"400\" height=\"313\" /></p>\r\n<p style=\"font-family: Arial, Helvetica, sans-serif; font-size: 15px; line-height: 1.6;\">Ở nh&oacute;m nh&agrave; băng trong nước, c&aacute;c ng&acirc;n h&agrave;ng lớn như Vietcombank cũng ph&aacute;t h&agrave;nh thẻ t&iacute;n dụng ho&agrave;n tiền đến 5% với c&aacute;c đối t&aacute;c đặc biệt. D&ograve;ng thẻ do ng&acirc;n h&agrave;ng n&agrave;y phối hợp American Express triển khai c&oacute; hạn mức t&iacute;n dụng cao v&agrave; được hưởng 50 ng&agrave;y kh&ocirc;ng l&atilde;i suất.</p>\r\n<p style=\"font-family: Arial, Helvetica, sans-serif; font-size: 15px; line-height: 1.6;\">Trong khi đ&oacute; VIB c&oacute; đến 55 ng&agrave;y miễn l&atilde;i, ho&agrave;n tiền l&ecirc;n đến 6% cho c&aacute;c chi ti&ecirc;u như y tế, gi&aacute;o dục, ẩm thực, xem phim tại rạp... Sản phẩm thẻ VIB Cash Back c&ograve;n ho&agrave;n tiền 1,5 triệu đồng cho chi ti&ecirc;u từ 5 triệu đồng trong 37 ng&agrave;y đầu mở thẻ.&nbsp;Chi ti&ecirc;u c&agrave;ng nhiều, chủ thẻ c&agrave;ng được ho&agrave;n tiền nhiều, gi&uacute;p th&uacute;c đẩy hoạt động thanh to&aacute;n kh&ocirc;ng d&ugrave;ng tiền mặt.</p>\r\n<p style=\"font-family: Arial, Helvetica, sans-serif; font-size: 15px; line-height: 1.6;\">Kh&aacute;ch h&agrave;ng thanh to&aacute;n qua thẻ c&ograve;n nhận điểm thưởng để đổi qu&agrave; tại c&aacute;c dịch vụ ẩm thực như c&agrave; ph&ecirc;, nh&agrave; h&agrave;ng, xem phim, mua sắm tại c&aacute;c trung t&acirc;m thương mại... Mỗi năm, chương tr&igrave;nh ho&agrave;n tiền cũng trả về t&agrave;i khoản số tiền từ 50.000 đồng đến một triệu đồng t&ugrave;y v&agrave;o mức độ chi ti&ecirc;u trong năm. Ngo&agrave;i ra ng&acirc;n h&agrave;ng cũng sẵn s&agrave;ng miễn ph&iacute; thường ni&ecirc;n để tăng h&uacute;t kh&aacute;ch.</p>\r\n<p style=\"font-family: Arial, Helvetica, sans-serif; font-size: 15px; line-height: 1.6;\">B&ecirc;n cạnh ho&agrave;n tiền, nhiều d&ograve;ng thẻ t&iacute;n dụng hiện c&ograve;n mạnh dạn miễn cả ph&iacute; thường ni&ecirc;n - một trong những khoản ph&iacute; được xem l&agrave; nguồn thu ch&iacute;nh của mảng thẻ ng&acirc;n h&agrave;ng. Đ&acirc;y l&agrave; một trong những ưu đ&atilde;i mạnh tay nhất của ng&acirc;n h&agrave;ng nhằm tăng cường lợi &iacute;ch, trải nghiệm cho chủ thẻ, mở rộng đối t&aacute;c doanh nghiệp v&agrave; bổ sung k&ecirc;nh b&aacute;n ch&eacute;o sản phẩm.</p>\r\n<p style=\"font-family: Arial, Helvetica, sans-serif; font-size: 15px; line-height: 1.6;\">Khi d&ugrave;ng thẻ VIB Financial Free, chủ thẻ nhận miễn ph&iacute; thường ni&ecirc;n trọn đời với điều kiện dễ d&agrave;ng - chỉ cần chi ti&ecirc;u tối thiểu một giao dịch trong một th&aacute;ng. Ngo&agrave;i ra, chủ thẻ r&uacute;t tiền mặt kh&ocirc;ng giới hạn, l&ecirc;n đến 100% hạn mức t&iacute;n dụng được cấp, thay v&igrave; hạn chế ở mức 50% hiện nay. Chủ thẻ nhận ưu đ&atilde;i l&atilde;i suất 0% trong ba kỳ sao k&ecirc; đầu ti&ecirc;n cho to&agrave;n bộ c&aacute;c giao dịch qua thẻ v&agrave; r&uacute;t tiền mặt.</p>\r\n<p style=\"font-family: Arial, Helvetica, sans-serif; font-size: 15px; line-height: 1.6;\">B&agrave; Trần Thu Hương, Gi&aacute;m đốc Khối Ng&acirc;n h&agrave;ng B&aacute;n lẻ v&agrave; Chiến lược của VIB cho biết, b&ecirc;n cạnh c&aacute;c ưu đ&atilde;i nổi bật, ng&acirc;n h&agrave;ng thường xuy&ecirc;n mở rộng hợp t&aacute;c với c&aacute;c đối t&aacute;c để lu&ocirc;n c&oacute; những chương tr&igrave;nh ưu đ&atilde;i mới cho chủ thẻ t&iacute;n dụng.</p>\r\n<p style=\"font-family: Arial, Helvetica, sans-serif; font-size: 15px; line-height: 1.6;\">Nhằm đảm bảo an to&agrave;n cho người d&ugrave;ng, ng&acirc;n h&agrave;ng &aacute;p dụng c&aacute;c c&ocirc;ng nghệ bảo mật ti&ecirc;n tiến như 3D-secure, v&agrave; t&iacute;ch hợp t&iacute;nh năng cho ph&eacute;p chủ thẻ chủ động kh&oacute;a nhanh thẻ t&iacute;n dụng trong những trường hợp khẩn cấp ngay tr&ecirc;n ứng dụng ng&acirc;n h&agrave;ng di động MyVIB.</p>\r\n<p style=\"font-family: Arial, Helvetica, sans-serif; font-size: 15px; line-height: 1.6;\"><strong style=\"line-height: 1.6;\">Lợi &iacute;ch ba b&ecirc;n với thẻ t&iacute;n dụng nhiều ưu đ&atilde;i</strong></p>\r\n<p style=\"font-family: Arial, Helvetica, sans-serif; font-size: 15px; line-height: 1.6;\">C&aacute;c chuy&ecirc;n gia ng&acirc;n h&agrave;ng nhận định nếu v&agrave;i năm trước thẻ t&iacute;n dụng ho&agrave;n tiền c&ograve;n l&agrave; một sản phẩm xa xỉ với ch&iacute;nh c&aacute;c ng&acirc;n h&agrave;ng th&igrave; nay, đ&acirc;y đ&atilde; l&agrave; k&ecirc;nh h&uacute;t kh&aacute;ch phổ biến. Với tiềm năng c&ocirc;ng nghệ v&agrave; t&agrave;i ch&iacute;nh mạnh, c&aacute;c ng&acirc;n h&agrave;ng c&oacute; thể đa dạng h&oacute;a nguồn thu, từ đ&oacute; tăng cường ưu đ&atilde;i gi&uacute;p người d&ugrave;ng hưởng lợi.</p>\r\n<p style=\"font-family: Arial, Helvetica, sans-serif; font-size: 15px; line-height: 1.6;\">Những nh&agrave; băng c&oacute; tiềm lực mạnh hiện đ&atilde; bớt phụ thuộc v&agrave;o những nguồn thu mảng thẻ như ph&iacute; thường ni&ecirc;n thu từ kh&aacute;ch h&agrave;ng, ph&iacute; cung cấp dịch vụ thanh to&aacute;n thu từ đối t&aacute;c... Việc \"th&aacute;o trần\" ưu đ&atilde;i gi&uacute;p ng&acirc;n h&agrave;ng tăng h&uacute;t kh&aacute;ch cho k&ecirc;nh b&aacute;n lẻ, từ đ&oacute; tạo th&ecirc;m nguồn thu cho c&aacute;c doanh nghiệp thuộc cộng đồng đối t&aacute;c.</p>\r\n<p style=\"font-family: Arial, Helvetica, sans-serif; font-size: 15px; line-height: 1.6;\">B&agrave; Trần Thu Hương, Gi&aacute;m đốc Khối Ng&acirc;n h&agrave;ng B&aacute;n lẻ v&agrave; Chiến lược của VIB cho biết thẻ t&iacute;n dụng của ng&acirc;n h&agrave;ng n&agrave;y hiện c&oacute; tốc độ tăng trưởng người d&ugrave;ng v&agrave; hiệu suất thanh to&aacute;n thuộc loại cao nhất thị trường.</p>\r\n<p style=\"font-family: Arial, Helvetica, sans-serif; font-size: 15px; line-height: 1.6;\"><em style=\"line-height: 1.6;\">\"Sắp tới đ&acirc;y, ch&uacute;ng t&ocirc;i sẽ tiếp tục cho ra mắt c&aacute;c sản phẩm li&ecirc;n quan đến ng&acirc;n h&agrave;ng số với nhiều t&iacute;nh năng hiện đại, th&acirc;n thiện gi&uacute;p kh&aacute;ch h&agrave;ng c&oacute; được trải nghiệm tốt hơn về sản phẩm dịch vụ VIB n&oacute;i chung v&agrave; thẻ t&iacute;n dụng VIB n&oacute;i ri&ecirc;ng\"</em>, B&agrave; Hương khẳng định.</p>', 7, 1, '2019-01-11 09:21:10', 1, 0);

-- --------------------------------------------------------

--
-- Table structure for table `tblbaivietduocluu`
--

CREATE TABLE `tblbaivietduocluu` (
  `maBaiVietDuocLuu` int(11) NOT NULL,
  `maBaiViet` int(11) DEFAULT NULL,
  `maUser` int(11) DEFAULT NULL,
  `ngayLuu` timestamp NOT NULL DEFAULT CURRENT_TIMESTAMP ON UPDATE CURRENT_TIMESTAMP
) ENGINE=InnoDB DEFAULT CHARSET=latin1;

--
-- Dumping data for table `tblbaivietduocluu`
--

INSERT INTO `tblbaivietduocluu` (`maBaiVietDuocLuu`, `maBaiViet`, `maUser`, `ngayLuu`) VALUES
(35, 25, 1, '2019-01-10 04:25:11'),
(36, 24, 1, '2019-01-10 04:25:16'),
(37, 26, 1, '2019-01-13 11:18:40'),
(38, 22, 1, '2019-01-13 11:18:47'),
(39, 1, 1, '2019-01-13 11:18:53');

-- --------------------------------------------------------

--
-- Table structure for table `tblcomment`
--

CREATE TABLE `tblcomment` (
  `maComment` int(11) NOT NULL,
  `noiDung` text CHARACTER SET utf8,
  `maBaiViet` int(11) DEFAULT NULL,
  `maUser` int(11) DEFAULT NULL,
  `ngayComment` timestamp NOT NULL DEFAULT CURRENT_TIMESTAMP ON UPDATE CURRENT_TIMESTAMP
) ENGINE=InnoDB DEFAULT CHARSET=latin1;

--
-- Dumping data for table `tblcomment`
--

INSERT INTO `tblcomment` (`maComment`, `noiDung`, `maBaiViet`, `maUser`, `ngayComment`) VALUES
(17, '123', 23, 15, '2019-01-11 01:55:06'),
(18, 'eeeeee', 26, 1, '2019-01-13 10:31:14'),
(19, 'aaaaaa', 26, 1, '2019-01-13 11:37:01'),
(20, 'bbbbbbbbb', 26, 1, '2019-01-13 11:37:06'),
(21, 'cccccccccc', 26, 1, '2019-01-13 11:37:09'),
(22, 'ddddd', 26, 1, '2019-01-13 11:37:14'),
(23, 'gggggggg', 26, 1, '2019-01-13 11:37:20'),
(24, 'hhhhhhhhhhhhhh', 26, 1, '2019-01-13 11:37:26');

-- --------------------------------------------------------

--
-- Table structure for table `tbltheloai`
--

CREATE TABLE `tbltheloai` (
  `maTheLoai` int(11) NOT NULL,
  `tenTheLoai` varchar(200) CHARACTER SET utf8 DEFAULT NULL,
  `anhTheLoai` varchar(200) DEFAULT NULL
) ENGINE=InnoDB DEFAULT CHARSET=latin1;

--
-- Dumping data for table `tbltheloai`
--

INSERT INTO `tbltheloai` (`maTheLoai`, `tenTheLoai`, `anhTheLoai`) VALUES
(1, 'Thể thao', '..\\Images\\theThaoIcon.jpg'),
(2, 'Thế giới', '..\\Images\\earthIcon.JPG'),
(3, 'Tài chính', '..\\Images\\taiChinhIcon1.jpg'),
(4, 'Hi-tech', '..\\Images\\hitechIcon.jpg');

-- --------------------------------------------------------

--
-- Table structure for table `tbltheloaicon`
--

CREATE TABLE `tbltheloaicon` (
  `maTheLoaiCon` int(11) NOT NULL,
  `tenTheLoaiCon` varchar(200) CHARACTER SET utf8 DEFAULT NULL,
  `maTheLoai` int(11) DEFAULT NULL
) ENGINE=InnoDB DEFAULT CHARSET=latin1;

--
-- Dumping data for table `tbltheloaicon`
--

INSERT INTO `tbltheloaicon` (`maTheLoaiCon`, `tenTheLoaiCon`, `maTheLoai`) VALUES
(1, 'Bóng đá', 1),
(3, 'Bóng rổ', 1),
(4, 'Tennis', 1),
(5, 'Điểm nóng', 2),
(6, 'Quân sự', 2),
(7, 'Trong nước', 3),
(8, 'Nước ngoài', 3),
(9, 'Bất động sản', 3),
(10, 'Doanh nhân', 3),
(11, 'Khởi nghiệp', 3),
(12, 'Tin công nghệ', 4),
(13, 'Điện thoại', 4),
(14, 'Máy tính', 4),
(15, 'Phần mềm', 4),
(16, 'Bóng chuyền', 1);

-- --------------------------------------------------------

--
-- Table structure for table `tbluser`
--

CREATE TABLE `tbluser` (
  `maUser` int(11) NOT NULL,
  `tenUser` varchar(200) CHARACTER SET utf8 DEFAULT NULL,
  `ngaySinh` date DEFAULT NULL,
  `gioiTinh` tinyint(1) DEFAULT NULL,
  `diaChi` varchar(200) CHARACTER SET utf8 DEFAULT NULL,
  `email` varchar(200) DEFAULT NULL,
  `sdt` varchar(50) DEFAULT NULL,
  `username` varchar(200) DEFAULT NULL,
  `pass` varchar(200) DEFAULT NULL,
  `maQuyen` tinyint(1) DEFAULT '0',
  `tinhTrang` tinyint(1) DEFAULT '1'
) ENGINE=InnoDB DEFAULT CHARSET=latin1;

--
-- Dumping data for table `tbluser`
--

INSERT INTO `tbluser` (`maUser`, `tenUser`, `ngaySinh`, `gioiTinh`, `diaChi`, `email`, `sdt`, `username`, `pass`, `maQuyen`, `tinhTrang`) VALUES
(1, 'Pham Minh Tu ', '2018-03-17', 1, 'Ha Noi', 'pmt@gmail.com', '012345678', 'pmt', '123', 3, 1),
(2, 'Dang Xuan Son', '1999-08-16', 1, 'Ha Noi', 'son.dang9961@gmail.com', '0123456789', 'dxs', '123', 2, 1),
(3, 'abc', '1992-01-01', 1, 'abc', 'abc.abc123@admin.com', '0134567891', 'abc', '123', 1, 1),
(4, 'ho van ten', '2019-01-15', 1, 'abc', 'abc@gmail.com', '012345678', 'hovanten ', '123', 0, 1),
(5, 'xyz', '2010-11-20', 1, 'abc', 'abc', '1234567', 'aaa', '123', 0, 1),
(8, '123456', '0000-00-00', 0, 'abc', '123456@gmail.com', '1231321313', '123456', '123', 0, 1),
(10, 'aaaaa', NULL, NULL, NULL, 'aaaaa@gmail.com', NULL, 'aaaaa', '123', 0, 1),
(11, 'ccccc', '1966-02-17', 1, 'eeeeee', 'ccccc@gmail.com', '222222222222222', 'ccccc', '123', 0, 1),
(12, 'ddddd', '1967-01-17', 1, 'aaaa', 'ddddd@gmail.com', '000000000000000', 'ddddd', '123', 0, 1),
(13, '$ten', NULL, NULL, NULL, '$email', NULL, '$user', '$pass', 0, 1),
(14, 'ZXC', NULL, NULL, NULL, 'zxc@gmail.com', NULL, 'zxc', '123', 0, 1),
(15, 'gggggg', NULL, 1, '', 'gggggg@gmail.com', '', 'gggggg', '123', 0, 1);

--
-- Indexes for dumped tables
--

--
-- Indexes for table `tblbaiviet`
--
ALTER TABLE `tblbaiviet`
  ADD PRIMARY KEY (`maBaiViet`),
  ADD KEY `maTheLoaiCon` (`maTheLoaiCon`),
  ADD KEY `maAdmin` (`maUser`);

--
-- Indexes for table `tblbaivietduocluu`
--
ALTER TABLE `tblbaivietduocluu`
  ADD PRIMARY KEY (`maBaiVietDuocLuu`),
  ADD UNIQUE KEY `maBaiVietDuocLuu` (`maBaiVietDuocLuu`),
  ADD KEY `maBaiViet` (`maBaiViet`),
  ADD KEY `maUser` (`maUser`);

--
-- Indexes for table `tblcomment`
--
ALTER TABLE `tblcomment`
  ADD PRIMARY KEY (`maComment`),
  ADD KEY `maBaiViet` (`maBaiViet`),
  ADD KEY `maUser` (`maUser`);

--
-- Indexes for table `tbltheloai`
--
ALTER TABLE `tbltheloai`
  ADD PRIMARY KEY (`maTheLoai`);

--
-- Indexes for table `tbltheloaicon`
--
ALTER TABLE `tbltheloaicon`
  ADD PRIMARY KEY (`maTheLoaiCon`),
  ADD KEY `maTheLoai` (`maTheLoai`);

--
-- Indexes for table `tbluser`
--
ALTER TABLE `tbluser`
  ADD PRIMARY KEY (`maUser`),
  ADD UNIQUE KEY `username` (`username`);

--
-- AUTO_INCREMENT for dumped tables
--

--
-- AUTO_INCREMENT for table `tblbaiviet`
--
ALTER TABLE `tblbaiviet`
  MODIFY `maBaiViet` int(11) NOT NULL AUTO_INCREMENT, AUTO_INCREMENT=29;

--
-- AUTO_INCREMENT for table `tblbaivietduocluu`
--
ALTER TABLE `tblbaivietduocluu`
  MODIFY `maBaiVietDuocLuu` int(11) NOT NULL AUTO_INCREMENT, AUTO_INCREMENT=40;

--
-- AUTO_INCREMENT for table `tblcomment`
--
ALTER TABLE `tblcomment`
  MODIFY `maComment` int(11) NOT NULL AUTO_INCREMENT, AUTO_INCREMENT=25;

--
-- AUTO_INCREMENT for table `tbltheloai`
--
ALTER TABLE `tbltheloai`
  MODIFY `maTheLoai` int(11) NOT NULL AUTO_INCREMENT, AUTO_INCREMENT=7;

--
-- AUTO_INCREMENT for table `tbltheloaicon`
--
ALTER TABLE `tbltheloaicon`
  MODIFY `maTheLoaiCon` int(11) NOT NULL AUTO_INCREMENT, AUTO_INCREMENT=18;

--
-- AUTO_INCREMENT for table `tbluser`
--
ALTER TABLE `tbluser`
  MODIFY `maUser` int(11) NOT NULL AUTO_INCREMENT, AUTO_INCREMENT=16;

--
-- Constraints for dumped tables
--

--
-- Constraints for table `tblbaiviet`
--
ALTER TABLE `tblbaiviet`
  ADD CONSTRAINT `tblbaiviet_ibfk_1` FOREIGN KEY (`maTheLoaiCon`) REFERENCES `tbltheloaicon` (`maTheLoaiCon`),
  ADD CONSTRAINT `tblbaiviet_ibfk_2` FOREIGN KEY (`maUser`) REFERENCES `tbluser` (`maUser`);

--
-- Constraints for table `tblbaivietduocluu`
--
ALTER TABLE `tblbaivietduocluu`
  ADD CONSTRAINT `tblbaivietduocluu_ibfk_1` FOREIGN KEY (`maBaiViet`) REFERENCES `tblbaiviet` (`maBaiViet`),
  ADD CONSTRAINT `tblbaivietduocluu_ibfk_2` FOREIGN KEY (`maUser`) REFERENCES `tbluser` (`maUser`);

--
-- Constraints for table `tblcomment`
--
ALTER TABLE `tblcomment`
  ADD CONSTRAINT `tblcomment_ibfk_1` FOREIGN KEY (`maBaiViet`) REFERENCES `tblbaiviet` (`maBaiViet`),
  ADD CONSTRAINT `tblcomment_ibfk_2` FOREIGN KEY (`maUser`) REFERENCES `tbluser` (`maUser`);

--
-- Constraints for table `tbltheloaicon`
--
ALTER TABLE `tbltheloaicon`
  ADD CONSTRAINT `tbltheloaicon_ibfk_1` FOREIGN KEY (`maTheLoai`) REFERENCES `tbltheloai` (`maTheLoai`);
COMMIT;

/*!40101 SET CHARACTER_SET_CLIENT=@OLD_CHARACTER_SET_CLIENT */;
/*!40101 SET CHARACTER_SET_RESULTS=@OLD_CHARACTER_SET_RESULTS */;
/*!40101 SET COLLATION_CONNECTION=@OLD_COLLATION_CONNECTION */;
